,Analyst_factor,technology_factor,tps_sps,momentumn_factor
Analyst_factor,1.0,-0.06521987228616005,0.10198356961869096,0.13321383855395327
technology_factor,-0.06521987228616005,1.0,0.2494628709143424,0.33148323408730623
tps_sps,0.10198356961869096,0.2494628709143424,1.0,0.07135832063673143
momentumn_factor,0.13321383855395327,0.33148323408730623,0.07135832063673143,1.0
