,Analyst_factor,NegMktValue,technology_factor,tps_sps,momentumn_factor,avgwght_momentum
Analyst_factor,1.0,-0.28128095362310757,-0.06521987228616005,0.10198356961869096,0.13321383855395327,0.03714620457827455
NegMktValue,-0.28128095362310757,1.0,0.2869171517700808,-0.24677704656413024,-0.05165527677809428,-0.0878902782218516
technology_factor,-0.06521987228616005,0.2869171517700808,1.0,0.2494628709143424,0.33148323408730623,0.10254447151046224
tps_sps,0.10198356961869096,-0.24677704656413024,0.2494628709143424,1.0,0.07135832063673143,0.464578193034913
momentumn_factor,0.13321383855395327,-0.05165527677809428,0.33148323408730623,0.07135832063673143,1.0,0.008524617120392456
avgwght_momentum,0.03714620457827455,-0.0878902782218516,0.10254447151046224,0.464578193034913,0.008524617120392456,1.0
