,udslDWL,udslUCL,udsl,aShareholderZ,taEntropy,corrVP
udslDWL,1.0,0.10810800186188843,0.6751090112798006,-0.022456218185726202,0.13928777994508793,-0.008914899580808492
udslUCL,0.10810800186188843,1.0,0.7061423340005122,0.021802034346637286,0.20263895164377682,0.034021409525284804
udsl,0.6751090112798006,0.7061423340005122,1.0,0.00036882680083783886,0.3041803413437544,0.014163109825456984
aShareholderZ,-0.022456218185726202,0.021802034346637286,0.00036882680083783886,1.0,0.006896455450763528,-0.00556828669459032
taEntropy,0.13928777994508793,0.20263895164377682,0.3041803413437544,0.006896455450763528,1.0,0.24291081687328572
corrVP,-0.008914899580808492,0.034021409525284804,0.014163109825456984,-0.00556828669459032,0.24291081687328572,1.0
