,NegMktValue,tps_sps,udslDWL,udslUCL,udsl,taEntropy
NegMktValue,1.0,-0.24556098575317228,-0.03131579516243058,-0.1513299168831238,-0.12192770765044342,-0.16289301488514318
tps_sps,-0.24556098575317228,1.0,0.1300895179428858,0.17411917785182535,0.19934711120325532,0.5492116083963557
udslDWL,-0.03131579516243058,0.1300895179428858,1.0,0.14002975759267108,0.7501418855214042,0.20287060709208787
udslUCL,-0.1513299168831238,0.17411917785182535,0.14002975759267108,1.0,0.7388505803657178,0.2625668917984632
udsl,-0.12192770765044342,0.19934711120325532,0.7501418855214042,0.7388505803657178,1.0,0.31617530845347014
taEntropy,-0.16289301488514318,0.5492116083963557,0.20287060709208787,0.2625668917984632,0.31617530845347014,1.0
