,Analyst_factor,NegMktValue,technology_factor,tps_sps,momentumn_factor,avgwght_momentum,seven_f
Analyst_factor,1.0,-0.1621040165574322,-0.03068728774604143,0.0941004346492445,0.04903274345913829,0.023920025995470936,0.23245197718452817
NegMktValue,-0.1621040165574322,1.0,0.2377677841052891,-0.19522319492918533,0.02344718567862407,-0.09997855554002279,-0.2032887843378969
technology_factor,-0.03068728774604143,0.2377677841052891,1.0,0.28756210265050985,0.36894058661296286,0.12492203065778978,0.1636010589174116
tps_sps,0.0941004346492445,-0.19522319492918533,0.28756210265050985,1.0,0.06278948511882237,0.46914251181331584,0.2677088131582806
momentumn_factor,0.04903274345913829,0.02344718567862407,0.36894058661296286,0.06278948511882237,1.0,0.019056570038282778,0.15948550889508062
avgwght_momentum,0.023920025995470936,-0.09997855554002279,0.12492203065778978,0.46914251181331584,0.019056570038282778,1.0,0.22308159246150408
seven_f,0.23245197718452817,-0.2032887843378969,0.1636010589174116,0.2677088131582806,0.15948550889508062,0.22308159246150408,1.0
