,month,IC,cumulative
0,20230103,0.01015846280226378,0.01015846280226378
1,20230201,0.1767332286996096,0.1868916915018734
2,20230301,0.0505385858926278,0.2374302773945012
3,20230403,0.14522535106321083,0.38265562845771206
4,20230504,0.0674754456822651,0.45013107413997716
5,20230601,-0.05971753797046839,0.3904135361695088
6,20230703,0.2754800812614096,0.6658936174309185
7,20230801,-0.05652593913499535,0.6093676782959231
