,month,IC,cumulative
0,20230103,-0.025295576581897763,-0.025295576581897763
1,20230201,0.008107902110935167,-0.017187674470962595
2,20230301,-0.020695144188869218,-0.03788281865983181
3,20230403,-0.00048541037030391376,-0.038368229030135724
4,20230504,-0.018488427321285684,-0.05685665635142141
5,20230601,0.010494992285356903,-0.04636166406606451
6,20230703,-0.03326421356792196,-0.07962587763398647
7,20230801,0.016141594128362816,-0.06348428350562366
