,month,IC,cumulative
0,20230201,0.12119433950576144,0.12119433950576144
1,20230301,-0.0211639430453683,0.10003039646039315
2,20230403,-0.041893913897665336,0.05813648256272781
3,20230504,-0.11693459465393093,-0.058798112091203114
4,20230601,-0.016405970511817795,-0.07520408260302092
5,20230703,-0.07112322604701654,-0.14632730865003746
6,20230801,0.041569810464221084,-0.10475749818581637
