,month,IC,cumulative
0,20230201,0.12119433950576149,0.12119433950576149
1,20230301,-0.02116394304536831,0.10003039646039318
2,20230403,-0.06528705990273459,0.034743336557658586
3,20230504,0.13127375582149897,0.16601709237915757
4,20230601,0.007387109757382389,0.17340420213653995
5,20230703,-0.09167719066762485,0.0817270114689151
6,20230801,-0.01615185736831296,0.06557515410060215
